<?xml version="1.0"?>
<!DOCTYPE Relationships SYSTEM "Relation.dtd">
<Relationships
	DTDVersion="05.06.00"
	>
	<Relationship
		ParentRoleName="Member"
		ChildRoleName="Loan"
		IsEnforce="True"
		CountAggregates="1"
		>
		<AttributePairs>
			<AttributePair
				ParentAttribute="PKMember"
				ChildAttribute="FKMember"
			/>
		</AttributePairs>
		<AscendCaption><![CDATA[*]]></AscendCaption>
		<DescendCaption><![CDATA[*]]></DescendCaption>
		<ErrPreventUpdateParent><![CDATA[<System Supplied>]]></ErrPreventUpdateParent>
		<ErrPreventDeleteParent><![CDATA[<System Supplied>]]></ErrPreventDeleteParent>
		<ErrPreventInsertOrUpdateChild><![CDATA[<System Supplied>]]></ErrPreventInsertOrUpdateChild>
	</Relationship>
</Relationships>