<?xml version="1.0"?>
<!DOCTYPE DataObject SYSTEM "DataObject.dtd">
<DataObject
	DTDVersion="05.06.00"
	SurrId="0721350391.Administrator.0004"
	CodedValuesList="False"
	ImageReference=" "
	IsRemoteAccessible="False"
	UseQuotedIdentifiers="True"
	XdaConnector="SQL"
	SuperClass="DataObject"
	LockMode="AllApplicableAttributes"
	>
	<Attributes>
		<Attribute
			Name="PKBorrowEvent"
			PreventUserUpdates="True"
			ValueRequired="True"
			LayoutByDefault="True"
			Persistent="True"
			>
			<DataType
				DataType="AutoNumber"
			/>
			<Derivation
				DerivationType="None"
			/>
			<Validation
				ValidationType="Condition"
			/>
		</Attribute>
		<Attribute
			Name="FKLoan"
			PreventUserUpdates="True"
			ValueRequired="False"
			LayoutByDefault="True"
			Persistent="True"
			>
			<DataType
				DataType="Long"
			/>
			<Derivation
				DerivationType="None"
			/>
			<Validation
				ValidationType="Condition"
			/>
		</Attribute>
		<Attribute
			Name="FKMember"
			PreventUserUpdates="False"
			ValueRequired="True"
			LayoutByDefault="True"
			Persistent="True"
			>
			<DataType
				DataType="Long"
			/>
			<Derivation
				DerivationType="None"
			/>
			<Validation
				ValidationType="Condition"
			/>
		</Attribute>
		<Attribute
			Name="FKCopy"
			PreventUserUpdates="False"
			ValueRequired="True"
			LayoutByDefault="True"
			Persistent="True"
			>
			<DataType
				DataType="Long"
			/>
			<Derivation
				DerivationType="None"
			/>
			<Validation
				ValidationType="Condition"
			/>
		</Attribute>
		<Attribute
			Name="TimeStamp"
			PreventUserUpdates="False"
			ValueRequired="False"
			LayoutByDefault="True"
			Persistent="True"
			>
			<DataType
				DataType="Date"
			/>
			<Derivation
				DerivationType="Default"
				>
				<DefaultValue><![CDATA[date()]]></DefaultValue>
			</Derivation>
			<Validation
				ValidationType="Condition"
			/>
		</Attribute>
	</Attributes>
	<Indexes>
		<Index
			Name="PKEY1"
			Primary="True"
			Unique="True"
			IgnoreNulls="False"
			>
			<Index_Attribute
				Name="FKCopy"
				Descending="False"
			/>
		</Index>
	</Indexes>
	<SingularCaption><![CDATA[*]]></SingularCaption>
	<PluralCaption><![CDATA[*]]></PluralCaption>
	<VLSDeployment
		DeploySecurityInfo="False"
	/>
	<Actions>
		<Action
			Name="borrowCopy"
			>
			<ActionToPerform><![CDATA[getLoan().getCopy().setCopyState(3)]]></ActionToPerform>
			<Condition><![CDATA[ Inserting ]]></Condition>
			<Description><![CDATA[]]></Description>
		</Action>
	</Actions>
	<Constraints>
		<Constraint
			Name="Member 1"
			ConditionType="AcceptWhen"
			ErrorAttribute="FKMember"
			>
			<Condition><![CDATA[getMember().getCurrentLoans()<=5]]></Condition>
			<ErrorMessage><![CDATA[Member can't have more than 5 books loaned]]></ErrorMessage>
		</Constraint>
		<Constraint
			Name="Member 2"
			ConditionType="AcceptWhen"
			ErrorAttribute="FKMember"
			>
			<Condition><![CDATA[getMember().getMemberState()=1]]></Condition>
			<ErrorMessage><![CDATA[Member is not present in the library.]]></ErrorMessage>
		</Constraint>
		<Constraint
			Name="Copy 1"
			ConditionType="AcceptWhen"
			ErrorAttribute="FKCopy"
			>
			<Condition><![CDATA[getLoan().getCopy().getCopyState()=2]]></Condition>
			<ErrorMessage><![CDATA[The copy cannot be loaned.]]></ErrorMessage>
		</Constraint>
		<Constraint
			Name="Copy 2"
			ConditionType="AcceptWhen"
			ErrorAttribute="FKCopy"
			>
			<Condition><![CDATA[getLoan().getCopy().getCurrentLoans() = 1]]></Condition>
			<ErrorMessage><![CDATA[The copy is loaned out already.]]></ErrorMessage>
		</Constraint>
		<Constraint
			Name="Copy 3"
			ConditionType="AcceptWhen"
			ErrorAttribute="FKCopy"
			>
			<Condition><![CDATA[getLoan().getCopy().getCurrentReservations()=0]]></Condition>
			<ErrorMessage><![CDATA[This copy has been reserved]]></ErrorMessage>
		</Constraint>
	</Constraints>
</DataObject>