<?xml version="1.0"?>
<!DOCTYPE DataObject SYSTEM "DataObject.dtd">
<DataObject
	DTDVersion="05.06.00"
	SurrId="07213481700006"
	CodedValuesList="False"
	ImageReference=" "
	IsRemoteAccessible="False"
	UseQuotedIdentifiers="True"
	XdaConnector="SQL"
	SuperClass="DataObject"
	LockMode="AllApplicableAttributes"
	>
	<Attributes>
		<Attribute
			Name="PKClassifyEvent"
			PreventUserUpdates="True"
			ValueRequired="True"
			LayoutByDefault="True"
			Persistent="True"
			>
			<DataType
				DataType="AutoNumber"
			/>
			<Derivation
				DerivationType="None"
			/>
			<Validation
				ValidationType="Condition"
			/>
		</Attribute>
		<Attribute
			Name="TimeStamp"
			PreventUserUpdates="False"
			ValueRequired="False"
			LayoutByDefault="True"
			Persistent="True"
			>
			<DataType
				DataType="Date"
			/>
			<Derivation
				DerivationType="Default"
				>
				<DefaultValue><![CDATA[date()]]></DefaultValue>
			</Derivation>
			<Validation
				ValidationType="Condition"
			/>
		</Attribute>
		<Attribute
			Name="FKCopy"
			PreventUserUpdates="True"
			ValueRequired="True"
			LayoutByDefault="True"
			Persistent="True"
			>
			<DataType
				DataType="Long"
			/>
			<Derivation
				DerivationType="None"
			/>
			<Validation
				ValidationType="Condition"
			/>
		</Attribute>
	</Attributes>
	<Indexes></Indexes>
	<SingularCaption><![CDATA[*]]></SingularCaption>
	<PluralCaption><![CDATA[*]]></PluralCaption>
	<VLSDeployment
		DeploySecurityInfo="False"
	/>
	<Constraints>
		<Constraint
			Name="Copy 1"
			ConditionType="AcceptWhen"
			ErrorAttribute="FKCopy"
			>
			<Condition><![CDATA[getCopy().getCopyState()=1]]></Condition>
			<ErrorMessage><![CDATA[Cannot classify active copy]]></ErrorMessage>
		</Constraint>
	</Constraints>
	<Actions>
		<Action
			Name="classifyCopy"
			>
			<ActionToPerform><![CDATA[getCopy().setCopyState(2);]]></ActionToPerform>
			<Condition><![CDATA[ Inserting ]]></Condition>
			<Description><![CDATA[]]></Description>
		</Action>
	</Actions>
</DataObject>