<?xml version="1.0"?>
<!DOCTYPE DataObject SYSTEM "DataObject.dtd">
<DataObject
	DTDVersion="05.06.00"
	SurrId="0721350391.Administrator.0013"
	CodedValuesList="False"
	ImageReference=" "
	IsRemoteAccessible="False"
	UseQuotedIdentifiers="True"
	XdaConnector="SQL"
	SuperClass="DataObject"
	LockMode="AllApplicableAttributes"
	>
	<Attributes>
		<Attribute
			Name="PKLeaveEvent"
			PreventUserUpdates="True"
			ValueRequired="True"
			LayoutByDefault="True"
			Persistent="True"
			>
			<DataType
				DataType="AutoNumber"
			/>
			<Derivation
				DerivationType="None"
			/>
			<Validation
				ValidationType="Condition"
			/>
		</Attribute>
		<Attribute
			Name="FKMember"
			PreventUserUpdates="True"
			ValueRequired="False"
			LayoutByDefault="True"
			Persistent="True"
			>
			<DataType
				DataType="Long"
			/>
			<Derivation
				DerivationType="None"
			/>
			<Validation
				ValidationType="Condition"
			/>
		</Attribute>
		<Attribute
			Name="TimeStamp"
			PreventUserUpdates="False"
			ValueRequired="False"
			LayoutByDefault="True"
			Persistent="True"
			>
			<DataType
				DataType="Date"
			/>
			<Derivation
				DerivationType="Default"
				>
				<DefaultValue><![CDATA[date()]]></DefaultValue>
			</Derivation>
			<Validation
				ValidationType="Condition"
			/>
		</Attribute>
	</Attributes>
	<Indexes></Indexes>
	<SingularCaption><![CDATA[*]]></SingularCaption>
	<PluralCaption><![CDATA[*]]></PluralCaption>
	<VLSDeployment
		DeploySecurityInfo="False"
	/>
	<Constraints>
		<Constraint
			Name="Member 1"
			ConditionType="AcceptWhen"
			ErrorAttribute="FKMember"
			>
			<Condition><![CDATA[getMember().getMemberState()=1]]></Condition>
			<ErrorMessage><![CDATA[The member is not in the library]]></ErrorMessage>
		</Constraint>
		<Constraint
			Name="Member 2"
			ConditionType="AcceptWhen"
			ErrorAttribute="FKMember"
			>
			<Condition><![CDATA[getMember().getCurrentReservations()=0]]></Condition>
			<ErrorMessage><![CDATA[Member still has pending reservations]]></ErrorMessage>
		</Constraint>
		<Constraint
			Name="Member 3"
			ConditionType="AcceptWhen"
			ErrorAttribute="FKMember"
			>
			<Condition><![CDATA[getMember().getCurrentLoans()=0]]></Condition>
			<ErrorMessage><![CDATA[Member still has pending loans]]></ErrorMessage>
		</Constraint>
	</Constraints>
</DataObject>