<?xml version="1.0"?>
<!DOCTYPE Form SYSTEM "Form.dtd">
<Form
	DTDVersion="05.06.00"
	TargetLanguage="HTML"
	Archetype="Default"
	PositionTop="230"
	PositionLeft="283"
	PositionWidth="150"
	PositionHeight="44"
	IsAddedAfterGen="False"
	HasCustomFormLayout="False"
	ObjectsUnusedByFormLayout="False"
	External="False"
	NoDataForm="False"
	ClassName="versata.pdx.html.VSPagePDX"
	ObjectsRemovedFromLayout="False"
	HTMLFileCheckSum="1686848099"
	>
	<FormCaption><![CDATA[Copy]]></FormCaption>
	<ArchetypeExtendedProperties>
		<Property
			Name="Comments"
			Value=""
		/>
		<Property
			Name="CommentsTrailing"
			Value=""
		/>
		<Property
			Name="CrumbTrailEnabled"
			Value="true"
		/>
		<Property
			Name="CrumbTrailIncludesThisPage"
			Value="true"
		/>
		<Property
			Name="CrumbTrailRestartsHere"
			Value="false"
		/>
		<Property
			Name="CrumbTrailSeparator"
			Value="&gt;"
		/>
		<Property
			Name="ErrorStyle"
			Value="Popup"
		/>
		<Property
			Name="IncludeFooter"
			Value="false"
		/>
		<Property
			Name="IncludeHeader"
			Value="false"
		/>
		<Property
			Name="IncludeLeftBar"
			Value="false"
		/>
		<Property
			Name="IncludeRightBar"
			Value="false"
		/>
		<Property
			Name="ShowCancelButton"
			Value="true"
		/>
		<Property
			Name="ShowFormCaption"
			Value="true"
		/>
		<Property
			Name="ShowReturnButton"
			Value="true"
		/>
		<Property
			Name="TransitionsToHide"
			Value=""
		/>
	</ArchetypeExtendedProperties>
	<RecordSource
		RSID="1"
		Prefix="T1"
		BusinessObject="Copy"
		RelnIsFromParent="False"
		DoesSourceAffectMe="False"
		DoIAffectSource="False"
		IsAddedAfterGen="False"
		RsAttributesDefault="True"
		ClassName="versata.pdx.html.DataSourcePDX"
		RecordSourceArchetype="Display"
		MaxGridRowCount="10"
		FetchedBlockRowCount="16"
		AllowDelete="True"
		AllowInsert="True"
		AllowUpdate="True"
		SaveMode="Immediate"
		PreFetchRowCount="False"
		>
		<ParameterizedWhereClause><![CDATA[ ]]></ParameterizedWhereClause>
		<AdditionalWhereClause><![CDATA[ ]]></AdditionalWhereClause>
		<OrderByClause><![CDATA[ ]]></OrderByClause>
		<RSAttributesMeta>
			<DefaultAttributes>
				<RSDefaultAttribute ID="1" Name="PKCopy" />
				<RSDefaultAttribute ID="2" Name="FKLibrary" />
				<RSDefaultAttribute ID="3" Name="numberOfLoans" />
				<RSDefaultAttribute ID="4" Name="Title" />
				<RSDefaultAttribute ID="5" Name="Author" />
				<RSDefaultAttribute ID="6" Name="ISBN" />
				<RSDefaultAttribute ID="7" Name="CopyState" />
				<RSDefaultAttribute ID="8" Name="CurrentLoans" />
				<RSDefaultAttribute ID="9" Name="CurrentReservations" />
			</DefaultAttributes>
			<ScalerAttributes>
				<RSAttribute Name="PKCopy" Displayed="True" UnPlaced="False" />
				<RSAttribute Name="FKLibrary" Displayed="True" UnPlaced="False" />
				<RSAttribute Name="numberOfLoans" Displayed="True" UnPlaced="False" />
				<RSAttribute Name="Title" Displayed="True" UnPlaced="False" />
				<RSAttribute Name="Author" Displayed="True" UnPlaced="False" />
				<RSAttribute Name="ISBN" Displayed="True" UnPlaced="False" />
				<RSAttribute Name="CopyState" Displayed="True" UnPlaced="False" />
				<RSAttribute Name="CurrentLoans" Displayed="True" UnPlaced="False" />
				<RSAttribute Name="CurrentReservations" Displayed="True" UnPlaced="False" />
			</ScalerAttributes>
		</RSAttributesMeta>
		<ArchetypeExtendedProperties>
			<Property
				Name="Caption"
				Value=""
			/>
			<Property
				Name="Comments"
				Value=""
			/>
			<Property
				Name="CommentsTrailing"
				Value="&lt;br&gt;"
			/>
			<Property
				Name="Cond0HideRecSrc"
				Value=""
			/>
			<Property
				Name="Cond1"
				Value=""
			/>
			<Property
				Name="Cond1Actions"
				Value=""
			/>
			<Property
				Name="Cond1Fields"
				Value=""
			/>
			<Property
				Name="Cond1Transitions"
				Value=""
			/>
			<Property
				Name="Cond2"
				Value=""
			/>
			<Property
				Name="Cond2Actions"
				Value=""
			/>
			<Property
				Name="Cond2Fields"
				Value=""
			/>
			<Property
				Name="Cond2Transitions"
				Value=""
			/>
			<Property
				Name="Cond3"
				Value=""
			/>
			<Property
				Name="Cond3Actions"
				Value=""
			/>
			<Property
				Name="Cond3Fields"
				Value=""
			/>
			<Property
				Name="Cond3Transitions"
				Value=""
			/>
			<Property
				Name="Cond4"
				Value=""
			/>
			<Property
				Name="Cond4Actions"
				Value=""
			/>
			<Property
				Name="Cond4Fields"
				Value=""
			/>
			<Property
				Name="Cond4Transitions"
				Value=""
			/>
			<Property
				Name="Cond5"
				Value=""
			/>
			<Property
				Name="Cond5Actions"
				Value=""
			/>
			<Property
				Name="Cond5Fields"
				Value=""
			/>
			<Property
				Name="Cond5Transitions"
				Value=""
			/>
			<Property
				Name="ConfirmDeleteMsg"
				Value="Delete record?"
			/>
			<Property
				Name="FieldCaptionPosition"
				Value="Left"
			/>
			<Property
				Name="FieldMaxLength"
				Value="50"
			/>
			<Property
				Name="FieldsDisplayedTogether"
				Value=""
			/>
			<Property
				Name="MaxNumberOfRows"
				Value="5"
			/>
			<Property
				Name="RequiredCaptionPrefix"
				Value=""
			/>
			<Property
				Name="RequiredCaptionSuffix"
				Value="*"
			/>
			<Property
				Name="ShowRSActions"
				Value="true"
			/>
			<Property
				Name="StartNewColsFields"
				Value=""
			/>
			<Property
				Name="TabCaption"
				Value=""
			/>
			<Property
				Name="TabGenerated"
				Value="true"
			/>
			<Property
				Name="TabImageHeight"
				Value=""
			/>
			<Property
				Name="TabImageOff"
				Value=""
			/>
			<Property
				Name="TabImageOn"
				Value=""
			/>
			<Property
				Name="TabImageWidth"
				Value=""
			/>
			<Property
				Name="TabSheetsEnabled"
				Value="true"
			/>
			<Property
				Name="TabSheetsInitialRS"
				Value=""
			/>
			<Property
				Name="UsePopupPicks"
				Value="true"
			/>
			<Property
				Name="ZoomFromRS"
				Value=""
			/>
		</ArchetypeExtendedProperties>
		<PickObject
			RSID="2"
			Prefix="T2"
			BusinessObject="Library"
			Relationship="Library(Library)-Copy(Copy)"
			RelnIsFromParent="False"
			DoesSourceAffectMe="True"
			DoIAffectSource="False"
			IsAddedAfterGen="False"
			RsAttributesDefault="True"
			ClassName="Pick"
			OnScreenPick="False"
			>
			<FKeyParamsClause><![CDATA[ [PKLibrary] = [?FKLibrary]]]></FKeyParamsClause>
			<AdditionalWhereClause><![CDATA[ ]]></AdditionalWhereClause>
			<OrderByClause><![CDATA[ ]]></OrderByClause>
			<RSAttributesMeta>
				<DefaultAttributes>
					<RSDefaultAttribute ID="1" Name="PKLibrary" />
					<RSDefaultAttribute ID="2" Name="amountOfMembers" />
					<RSDefaultAttribute ID="3" Name="amountOfCopies" />
					<RSDefaultAttribute ID="4" Name="Name" />
					<RSDefaultAttribute ID="5" Name="City" />
					<RSDefaultAttribute ID="6" Name="PhoneNumber" />
					<RSDefaultAttribute ID="7" Name="WebAddress" />
					<RSDefaultAttribute ID="8" Name="LibraryState" />
				</DefaultAttributes>
				<GridAttributes>
					<RSAttribute Name="PKLibrary" Displayed="True" UnPlaced="False" />
					<RSAttribute Name="amountOfMembers" Displayed="True" UnPlaced="False" />
					<RSAttribute Name="amountOfCopies" Displayed="True" UnPlaced="False" />
					<RSAttribute Name="Name" Displayed="True" UnPlaced="False" />
					<RSAttribute Name="City" Displayed="True" UnPlaced="False" />
					<RSAttribute Name="PhoneNumber" Displayed="True" UnPlaced="False" />
					<RSAttribute Name="WebAddress" Displayed="True" UnPlaced="False" />
					<RSAttribute Name="LibraryState" Displayed="True" UnPlaced="False" />
				</GridAttributes>
			</RSAttributesMeta>
		</PickObject>
	</RecordSource>
</Form>
