<?xml version="1.0"?>
<!DOCTYPE Form SYSTEM "Form.dtd">
<Form
	DTDVersion="05.06.00"
	TargetLanguage="HTML"
	Archetype="Startup"
	PositionTop="0"
	PositionLeft="0"
	PositionWidth="150"
	PositionHeight="44"
	IsAddedAfterGen="False"
	HasCustomFormLayout="False"
	ObjectsUnusedByFormLayout="False"
	External="False"
	NoDataForm="False"
	ClassName="VSPage"
	ObjectsRemovedFromLayout="False"
	HTMLFileCheckSum="-2133749275"
	>
	<FormCaption><![CDATA[StartupPage]]></FormCaption>
	<ArchetypeExtendedProperties>
		<Property
			Name="ErrorStyle"
			Value="Popup"
		/>
		<Property
			Name="LogoImage"
			Value="images/logo.gif"
		/>
		<Property
			Name="MenuTabsEnabled"
			Value="false"
		/>
		<Property
			Name="TransitionsToHide"
			Value=""
		/>
	</ArchetypeExtendedProperties>
	<Transition
		FormTransNum="1"
		Prefix="T1"
		TargetFormName="pLibrary"
		IsTargetInitialQueryMode="False"
		IsTargetInitialAddMode="False"
		IsVisibleAppline="True"
		IsAddedAfterGen="False"
		ClassName="PageNavigation"
		TargetFramesetPage=""
		TargetFrame="Display"
		FrameNameInFramesetPage=""
		RSID="1"
		BusinessObject="Library"
		RelnIsFromParent="True"
		>
		<OrderByClause><![CDATA[ ]]></OrderByClause>
		<ParameterizedWhereClause><![CDATA[ ]]></ParameterizedWhereClause>
		<AdditionalWhereClause><![CDATA[ ]]></AdditionalWhereClause>
	</Transition>
	<Transition
		FormTransNum="1"
		Prefix="T2"
		TargetFormName="pEnterEvent"
		IsTargetInitialQueryMode="False"
		IsTargetInitialAddMode="False"
		IsVisibleAppline="True"
		IsAddedAfterGen="False"
		ClassName="PageNavigation"
		TargetFramesetPage=""
		TargetFrame="Display"
		FrameNameInFramesetPage=""
		RSID="2"
		BusinessObject="EnterEvent"
		RelnIsFromParent="True"
		>
		<OrderByClause><![CDATA[ ]]></OrderByClause>
		<ParameterizedWhereClause><![CDATA[ ]]></ParameterizedWhereClause>
		<AdditionalWhereClause><![CDATA[ ]]></AdditionalWhereClause>
	</Transition>
</Form>
