<?xml version="1.0"?>
<!DOCTYPE Form SYSTEM "Form.dtd">
<Form
	DTDVersion="05.06.00"
	TargetLanguage="HTML"
	Archetype="Default"
	PositionTop="132"
	PositionLeft="375"
	PositionWidth="150"
	PositionHeight="44"
	IsAddedAfterGen="False"
	HasCustomFormLayout="False"
	ObjectsUnusedByFormLayout="False"
	External="False"
	NoDataForm="False"
	ClassName="versata.pdx.html.VSPagePDX"
	ObjectsRemovedFromLayout="False"
	HTMLFileCheckSum="712722327"
	>
	<FormCaption><![CDATA[DestroyEvent]]></FormCaption>
	<ArchetypeExtendedProperties>
		<Property
			Name="Comments"
			Value=""
		/>
		<Property
			Name="CommentsTrailing"
			Value=""
		/>
		<Property
			Name="CrumbTrailEnabled"
			Value="true"
		/>
		<Property
			Name="CrumbTrailIncludesThisPage"
			Value="true"
		/>
		<Property
			Name="CrumbTrailRestartsHere"
			Value="false"
		/>
		<Property
			Name="CrumbTrailSeparator"
			Value="&gt;"
		/>
		<Property
			Name="ErrorStyle"
			Value="Popup"
		/>
		<Property
			Name="IncludeFooter"
			Value="false"
		/>
		<Property
			Name="IncludeHeader"
			Value="false"
		/>
		<Property
			Name="IncludeLeftBar"
			Value="false"
		/>
		<Property
			Name="IncludeRightBar"
			Value="false"
		/>
		<Property
			Name="ShowCancelButton"
			Value="true"
		/>
		<Property
			Name="ShowFormCaption"
			Value="true"
		/>
		<Property
			Name="ShowReturnButton"
			Value="true"
		/>
		<Property
			Name="TransitionsToHide"
			Value=""
		/>
	</ArchetypeExtendedProperties>
	<RecordSource
		RSID="1"
		Prefix="T1"
		BusinessObject="DestroyEvent"
		RelnIsFromParent="False"
		DoesSourceAffectMe="False"
		DoIAffectSource="False"
		IsAddedAfterGen="False"
		RsAttributesDefault="True"
		ClassName="versata.pdx.html.DataSourcePDX"
		RecordSourceArchetype="Display"
		MaxGridRowCount="10"
		FetchedBlockRowCount="16"
		AllowDelete="True"
		AllowInsert="True"
		AllowUpdate="True"
		SaveMode="Immediate"
		PreFetchRowCount="False"
		>
		<ParameterizedWhereClause><![CDATA[ ]]></ParameterizedWhereClause>
		<AdditionalWhereClause><![CDATA[ ]]></AdditionalWhereClause>
		<OrderByClause><![CDATA[ ]]></OrderByClause>
		<RSAttributesMeta>
			<DefaultAttributes>
				<RSDefaultAttribute ID="1" Name="PKDestroyEvent" />
				<RSDefaultAttribute ID="2" Name="FKLibrary" />
				<RSDefaultAttribute ID="3" Name="TimeStamp" />
			</DefaultAttributes>
			<ScalerAttributes>
				<RSAttribute Name="PKDestroyEvent" Displayed="True" UnPlaced="False" />
				<RSAttribute Name="FKLibrary" Displayed="True" UnPlaced="False" />
				<RSAttribute Name="TimeStamp" Displayed="True" UnPlaced="False" />
			</ScalerAttributes>
		</RSAttributesMeta>
		<ArchetypeExtendedProperties>
			<Property
				Name="Caption"
				Value=""
			/>
			<Property
				Name="Comments"
				Value=""
			/>
			<Property
				Name="CommentsTrailing"
				Value="&lt;br&gt;"
			/>
			<Property
				Name="Cond0HideRecSrc"
				Value=""
			/>
			<Property
				Name="Cond1"
				Value=""
			/>
			<Property
				Name="Cond1Actions"
				Value=""
			/>
			<Property
				Name="Cond1Fields"
				Value=""
			/>
			<Property
				Name="Cond1Transitions"
				Value=""
			/>
			<Property
				Name="Cond2"
				Value=""
			/>
			<Property
				Name="Cond2Actions"
				Value=""
			/>
			<Property
				Name="Cond2Fields"
				Value=""
			/>
			<Property
				Name="Cond2Transitions"
				Value=""
			/>
			<Property
				Name="Cond3"
				Value=""
			/>
			<Property
				Name="Cond3Actions"
				Value=""
			/>
			<Property
				Name="Cond3Fields"
				Value=""
			/>
			<Property
				Name="Cond3Transitions"
				Value=""
			/>
			<Property
				Name="Cond4"
				Value=""
			/>
			<Property
				Name="Cond4Actions"
				Value=""
			/>
			<Property
				Name="Cond4Fields"
				Value=""
			/>
			<Property
				Name="Cond4Transitions"
				Value=""
			/>
			<Property
				Name="Cond5"
				Value=""
			/>
			<Property
				Name="Cond5Actions"
				Value=""
			/>
			<Property
				Name="Cond5Fields"
				Value=""
			/>
			<Property
				Name="Cond5Transitions"
				Value=""
			/>
			<Property
				Name="ConfirmDeleteMsg"
				Value="Delete record?"
			/>
			<Property
				Name="FieldCaptionPosition"
				Value="Left"
			/>
			<Property
				Name="FieldMaxLength"
				Value="50"
			/>
			<Property
				Name="FieldsDisplayedTogether"
				Value=""
			/>
			<Property
				Name="MaxNumberOfRows"
				Value="5"
			/>
			<Property
				Name="RequiredCaptionPrefix"
				Value=""
			/>
			<Property
				Name="RequiredCaptionSuffix"
				Value="*"
			/>
			<Property
				Name="ShowRSActions"
				Value="true"
			/>
			<Property
				Name="StartNewColsFields"
				Value=""
			/>
			<Property
				Name="TabCaption"
				Value=""
			/>
			<Property
				Name="TabGenerated"
				Value="true"
			/>
			<Property
				Name="TabImageHeight"
				Value=""
			/>
			<Property
				Name="TabImageOff"
				Value=""
			/>
			<Property
				Name="TabImageOn"
				Value=""
			/>
			<Property
				Name="TabImageWidth"
				Value=""
			/>
			<Property
				Name="TabSheetsEnabled"
				Value="true"
			/>
			<Property
				Name="TabSheetsInitialRS"
				Value=""
			/>
			<Property
				Name="UsePopupPicks"
				Value="true"
			/>
			<Property
				Name="ZoomFromRS"
				Value=""
			/>
		</ArchetypeExtendedProperties>
	</RecordSource>
</Form>
