<?xml version="1.0"?>
<!DOCTYPE Form SYSTEM "Form.dtd">
<Form
	DTDVersion="05.06.00"
	TargetLanguage="HTML"
	Archetype="Default"
	PositionTop="254"
	PositionLeft="309"
	PositionWidth="150"
	PositionHeight="44"
	IsAddedAfterGen="False"
	HasCustomFormLayout="False"
	ObjectsUnusedByFormLayout="True"
	External="False"
	NoDataForm="False"
	ClassName="versata.pdx.html.VSPagePDX"
	ObjectsRemovedFromLayout="False"
	HTMLFileCheckSum="156276103"
	>
	<FormCaption><![CDATA[Member]]></FormCaption>
	<ArchetypeExtendedProperties>
		<Property
			Name="Comments"
			Value=""
		/>
		<Property
			Name="CommentsTrailing"
			Value=""
		/>
		<Property
			Name="CrumbTrailEnabled"
			Value="true"
		/>
		<Property
			Name="CrumbTrailIncludesThisPage"
			Value="true"
		/>
		<Property
			Name="CrumbTrailRestartsHere"
			Value="false"
		/>
		<Property
			Name="CrumbTrailSeparator"
			Value="&gt;"
		/>
		<Property
			Name="ErrorStyle"
			Value="Popup"
		/>
		<Property
			Name="IncludeFooter"
			Value="false"
		/>
		<Property
			Name="IncludeHeader"
			Value="false"
		/>
		<Property
			Name="IncludeLeftBar"
			Value="false"
		/>
		<Property
			Name="IncludeRightBar"
			Value="false"
		/>
		<Property
			Name="ShowCancelButton"
			Value="true"
		/>
		<Property
			Name="ShowFormCaption"
			Value="true"
		/>
		<Property
			Name="ShowReturnButton"
			Value="true"
		/>
		<Property
			Name="TransitionsToHide"
			Value=""
		/>
	</ArchetypeExtendedProperties>
	<RecordSource
		RSID="1"
		Prefix="T1"
		BusinessObject="Member"
		RelnIsFromParent="False"
		DoesSourceAffectMe="False"
		DoIAffectSource="False"
		IsAddedAfterGen="False"
		RsAttributesDefault="True"
		ClassName="versata.pdx.html.DataSourcePDX"
		RecordSourceArchetype="Display"
		MaxGridRowCount="10"
		FetchedBlockRowCount="16"
		AllowDelete="True"
		AllowInsert="True"
		AllowUpdate="True"
		SaveMode="Immediate"
		PreFetchRowCount="False"
		>
		<ParameterizedWhereClause><![CDATA[ ]]></ParameterizedWhereClause>
		<AdditionalWhereClause><![CDATA[ ]]></AdditionalWhereClause>
		<OrderByClause><![CDATA[ ]]></OrderByClause>
		<RSAttributesMeta>
			<DefaultAttributes>
				<RSDefaultAttribute ID="1" Name="PKMember" />
				<RSDefaultAttribute ID="2" Name="FKLibrary" />
				<RSDefaultAttribute ID="3" Name="FirstName" />
				<RSDefaultAttribute ID="4" Name="LastName" />
				<RSDefaultAttribute ID="5" Name="Address" />
				<RSDefaultAttribute ID="6" Name="City" />
				<RSDefaultAttribute ID="7" Name="Country" />
				<RSDefaultAttribute ID="8" Name="MobileNumber" />
				<RSDefaultAttribute ID="9" Name="MemberState" />
				<RSDefaultAttribute ID="10" Name="CurrentLoans" />
				<RSDefaultAttribute ID="11" Name="CurrentReservations" />
			</DefaultAttributes>
			<ScalerAttributes>
				<RSAttribute Name="PKMember" Displayed="True" UnPlaced="False" />
				<RSAttribute Name="FKLibrary" Displayed="True" UnPlaced="False" />
				<RSAttribute Name="FirstName" Displayed="True" UnPlaced="False" />
				<RSAttribute Name="LastName" Displayed="True" UnPlaced="False" />
				<RSAttribute Name="Address" Displayed="True" UnPlaced="False" />
				<RSAttribute Name="City" Displayed="True" UnPlaced="False" />
				<RSAttribute Name="Country" Displayed="True" UnPlaced="False" />
				<RSAttribute Name="MobileNumber" Displayed="True" UnPlaced="False" />
				<RSAttribute Name="MemberState" Displayed="True" UnPlaced="False" />
				<RSAttribute Name="CurrentLoans" Displayed="True" UnPlaced="False" />
				<RSAttribute Name="CurrentReservations" Displayed="True" UnPlaced="False" />
			</ScalerAttributes>
		</RSAttributesMeta>
		<ArchetypeExtendedProperties>
			<Property
				Name="Caption"
				Value=""
			/>
			<Property
				Name="Comments"
				Value=""
			/>
			<Property
				Name="CommentsTrailing"
				Value="&lt;br&gt;"
			/>
			<Property
				Name="Cond0HideRecSrc"
				Value=""
			/>
			<Property
				Name="Cond1"
				Value=""
			/>
			<Property
				Name="Cond1Actions"
				Value=""
			/>
			<Property
				Name="Cond1Fields"
				Value=""
			/>
			<Property
				Name="Cond1Transitions"
				Value=""
			/>
			<Property
				Name="Cond2"
				Value=""
			/>
			<Property
				Name="Cond2Actions"
				Value=""
			/>
			<Property
				Name="Cond2Fields"
				Value=""
			/>
			<Property
				Name="Cond2Transitions"
				Value=""
			/>
			<Property
				Name="Cond3"
				Value=""
			/>
			<Property
				Name="Cond3Actions"
				Value=""
			/>
			<Property
				Name="Cond3Fields"
				Value=""
			/>
			<Property
				Name="Cond3Transitions"
				Value=""
			/>
			<Property
				Name="Cond4"
				Value=""
			/>
			<Property
				Name="Cond4Actions"
				Value=""
			/>
			<Property
				Name="Cond4Fields"
				Value=""
			/>
			<Property
				Name="Cond4Transitions"
				Value=""
			/>
			<Property
				Name="Cond5"
				Value=""
			/>
			<Property
				Name="Cond5Actions"
				Value=""
			/>
			<Property
				Name="Cond5Fields"
				Value=""
			/>
			<Property
				Name="Cond5Transitions"
				Value=""
			/>
			<Property
				Name="ConfirmDeleteMsg"
				Value="Delete record?"
			/>
			<Property
				Name="FieldCaptionPosition"
				Value="Left"
			/>
			<Property
				Name="FieldMaxLength"
				Value="50"
			/>
			<Property
				Name="FieldsDisplayedTogether"
				Value=""
			/>
			<Property
				Name="MaxNumberOfRows"
				Value="5"
			/>
			<Property
				Name="RequiredCaptionPrefix"
				Value=""
			/>
			<Property
				Name="RequiredCaptionSuffix"
				Value="*"
			/>
			<Property
				Name="ShowRSActions"
				Value="true"
			/>
			<Property
				Name="StartNewColsFields"
				Value=""
			/>
			<Property
				Name="TabCaption"
				Value=""
			/>
			<Property
				Name="TabGenerated"
				Value="true"
			/>
			<Property
				Name="TabImageHeight"
				Value=""
			/>
			<Property
				Name="TabImageOff"
				Value=""
			/>
			<Property
				Name="TabImageOn"
				Value=""
			/>
			<Property
				Name="TabImageWidth"
				Value=""
			/>
			<Property
				Name="TabSheetsEnabled"
				Value="true"
			/>
			<Property
				Name="TabSheetsInitialRS"
				Value=""
			/>
			<Property
				Name="UsePopupPicks"
				Value="true"
			/>
			<Property
				Name="ZoomFromRS"
				Value=""
			/>
		</ArchetypeExtendedProperties>
		<PickObject
			RSID="2"
			Prefix="T2"
			BusinessObject="Library"
			Relationship="Library(Library)-Member(Member)"
			RelnIsFromParent="False"
			DoesSourceAffectMe="True"
			DoIAffectSource="False"
			IsAddedAfterGen="False"
			RsAttributesDefault="True"
			ClassName="Pick"
			OnScreenPick="False"
			>
			<FKeyParamsClause><![CDATA[ [PKLibrary] = [?FKLibrary]]]></FKeyParamsClause>
			<AdditionalWhereClause><![CDATA[ ]]></AdditionalWhereClause>
			<OrderByClause><![CDATA[ ]]></OrderByClause>
			<RSAttributesMeta>
				<DefaultAttributes>
					<RSDefaultAttribute ID="1" Name="PKLibrary" />
					<RSDefaultAttribute ID="2" Name="amountOfMembers" />
					<RSDefaultAttribute ID="3" Name="amountOfCopies" />
					<RSDefaultAttribute ID="4" Name="Name" />
					<RSDefaultAttribute ID="5" Name="City" />
					<RSDefaultAttribute ID="6" Name="PhoneNumber" />
					<RSDefaultAttribute ID="7" Name="WebAddress" />
					<RSDefaultAttribute ID="8" Name="LibraryState" />
				</DefaultAttributes>
				<GridAttributes>
					<RSAttribute Name="PKLibrary" Displayed="True" UnPlaced="False" />
					<RSAttribute Name="amountOfMembers" Displayed="True" UnPlaced="False" />
					<RSAttribute Name="amountOfCopies" Displayed="True" UnPlaced="False" />
					<RSAttribute Name="Name" Displayed="True" UnPlaced="False" />
					<RSAttribute Name="City" Displayed="True" UnPlaced="False" />
					<RSAttribute Name="PhoneNumber" Displayed="True" UnPlaced="False" />
					<RSAttribute Name="WebAddress" Displayed="True" UnPlaced="False" />
					<RSAttribute Name="LibraryState" Displayed="True" UnPlaced="False" />
				</GridAttributes>
			</RSAttributesMeta>
		</PickObject>
		<RecordSource
			RSID="3"
			Prefix="T3"
			BusinessObject="Loan"
			Relationship="Member(Member)-Loan(Loan)"
			RelnIsFromParent="True"
			DoesSourceAffectMe="False"
			DoIAffectSource="True"
			IsAddedAfterGen="False"
			RsAttributesDefault="True"
			ClassName="versata.pdx.html.DataSourcePDX"
			RecordSourceArchetype="Grid"
			MaxGridRowCount="10"
			FetchedBlockRowCount="16"
			AllowDelete="False"
			AllowInsert="False"
			AllowUpdate="False"
			SaveMode="Buffered"
			PreFetchRowCount="False"
			ParentAlias=""
			ChildAlias=""
			>
			<ParameterizedWhereClause><![CDATA[ [FKMember] = [?PKMember]]]></ParameterizedWhereClause>
			<AdditionalWhereClause><![CDATA[ ]]></AdditionalWhereClause>
			<OrderByClause><![CDATA[ ]]></OrderByClause>
			<RSAttributesMeta>
				<DefaultAttributes>
					<RSDefaultAttribute ID="1" Name="PKLoan" />
					<RSDefaultAttribute ID="2" Name="FKMember" />
					<RSDefaultAttribute ID="3" Name="FKCopy" />
					<RSDefaultAttribute ID="4" Name="StartDate" />
					<RSDefaultAttribute ID="5" Name="EndDate" />
					<RSDefaultAttribute ID="6" Name="LoanState" />
				</DefaultAttributes>
				<GridAttributes>
					<RSAttribute Name="PKLoan" Displayed="True" UnPlaced="False" />
					<RSAttribute Name="FKMember" Displayed="True" UnPlaced="False" />
					<RSAttribute Name="FKCopy" Displayed="True" UnPlaced="False" />
					<RSAttribute Name="StartDate" Displayed="True" UnPlaced="False" />
					<RSAttribute Name="EndDate" Displayed="True" UnPlaced="False" />
					<RSAttribute Name="LoanState" Displayed="True" UnPlaced="False" />
				</GridAttributes>
			</RSAttributesMeta>
			<ArchetypeExtendedProperties>
				<Property
					Name="AltRowColor"
					Value="#EFEFEF"
				/>
				<Property
					Name="Caption"
					Value=""
				/>
				<Property
					Name="Comments"
					Value=""
				/>
				<Property
					Name="CommentsTrailing"
					Value="&lt;br&gt;"
				/>
				<Property
					Name="Cond0HideRecSrc"
					Value=""
				/>
				<Property
					Name="Cond1"
					Value=""
				/>
				<Property
					Name="Cond1Actions"
					Value=""
				/>
				<Property
					Name="Cond2"
					Value=""
				/>
				<Property
					Name="Cond2Actions"
					Value=""
				/>
				<Property
					Name="Cond3"
					Value=""
				/>
				<Property
					Name="Cond3Actions"
					Value=""
				/>
				<Property
					Name="Cond4"
					Value=""
				/>
				<Property
					Name="Cond4Actions"
					Value=""
				/>
				<Property
					Name="Cond5"
					Value=""
				/>
				<Property
					Name="Cond5Actions"
					Value=""
				/>
				<Property
					Name="ConfirmDeleteMsg"
					Value="Delete record?"
				/>
				<Property
					Name="NoDataMessage"
					Value="&lt;br&gt;&lt;center&gt;&lt;b&gt;No records found!&lt;/b&gt;&lt;/center&gt;&lt;br&gt;"
				/>
				<Property
					Name="ShowHeader"
					Value="true"
				/>
				<Property
					Name="ShowRowCount"
					Value="true"
				/>
				<Property
					Name="ShowRowSelector"
					Value="true"
				/>
				<Property
					Name="SortableHeader"
					Value="true"
				/>
				<Property
					Name="TabCaption"
					Value=""
				/>
				<Property
					Name="TabGenerated"
					Value="true"
				/>
				<Property
					Name="TabImageHeight"
					Value=""
				/>
				<Property
					Name="TabImageOff"
					Value=""
				/>
				<Property
					Name="TabImageOn"
					Value=""
				/>
				<Property
					Name="TabImageWidth"
					Value=""
				/>
				<Property
					Name="UsePopupPicks"
					Value="true"
				/>
			</ArchetypeExtendedProperties>
			<Transition
				FormTransNum="1"
				Prefix="T5"
				TargetFormName="pLoan"
				IsTargetInitialQueryMode="False"
				IsTargetInitialAddMode="False"
				IsVisibleAppline="True"
				IsAddedAfterGen="False"
				ClassName="PageNavigation"
				TargetFramesetPage=""
				TargetFrame=""
				FrameNameInFramesetPage=""
				>
			</Transition>
			<RecordSource
				RSID="6"
				Prefix="T9"
				BusinessObject="ReturnEvent"
				Relationship="Loan(Loan)-ReturnEvent(ReturnEvent)"
				RelnIsFromParent="True"
				DoesSourceAffectMe="False"
				DoIAffectSource="False"
				IsAddedAfterGen="False"
				RsAttributesDefault="True"
				ClassName="versata.pdx.html.DataSourcePDX"
				RecordSourceArchetype="Grid"
				MaxGridRowCount="10"
				FetchedBlockRowCount="16"
				AllowDelete="False"
				AllowInsert="False"
				AllowUpdate="False"
				SaveMode="Buffered"
				PreFetchRowCount="False"
				ParentAlias=""
				ChildAlias=""
				>
				<ParameterizedWhereClause><![CDATA[ [FKLoan] = [?PKLoan]]]></ParameterizedWhereClause>
				<AdditionalWhereClause><![CDATA[ ]]></AdditionalWhereClause>
				<OrderByClause><![CDATA[ ]]></OrderByClause>
				<RSAttributesMeta>
					<DefaultAttributes>
						<RSDefaultAttribute ID="1" Name="PKReturnEvent" />
						<RSDefaultAttribute ID="2" Name="FKLoan" />
						<RSDefaultAttribute ID="3" Name="TimeStamp" />
					</DefaultAttributes>
					<GridAttributes>
						<RSAttribute Name="PKReturnEvent" Displayed="True" UnPlaced="False" />
						<RSAttribute Name="FKLoan" Displayed="True" UnPlaced="False" />
						<RSAttribute Name="TimeStamp" Displayed="True" UnPlaced="False" />
					</GridAttributes>
				</RSAttributesMeta>
				<ArchetypeExtendedProperties>
					<Property
						Name="AltRowColor"
						Value="#EFEFEF"
					/>
					<Property
						Name="Caption"
						Value=""
					/>
					<Property
						Name="Comments"
						Value=""
					/>
					<Property
						Name="CommentsTrailing"
						Value="&lt;br&gt;"
					/>
					<Property
						Name="Cond0HideRecSrc"
						Value=""
					/>
					<Property
						Name="Cond1"
						Value=""
					/>
					<Property
						Name="Cond1Actions"
						Value=""
					/>
					<Property
						Name="Cond2"
						Value=""
					/>
					<Property
						Name="Cond2Actions"
						Value=""
					/>
					<Property
						Name="Cond3"
						Value=""
					/>
					<Property
						Name="Cond3Actions"
						Value=""
					/>
					<Property
						Name="Cond4"
						Value=""
					/>
					<Property
						Name="Cond4Actions"
						Value=""
					/>
					<Property
						Name="Cond5"
						Value=""
					/>
					<Property
						Name="Cond5Actions"
						Value=""
					/>
					<Property
						Name="ConfirmDeleteMsg"
						Value="Delete record?"
					/>
					<Property
						Name="NoDataMessage"
						Value="&lt;br&gt;&lt;center&gt;&lt;b&gt;No records found!&lt;/b&gt;&lt;/center&gt;&lt;br&gt;"
					/>
					<Property
						Name="ShowHeader"
						Value="true"
					/>
					<Property
						Name="ShowRowCount"
						Value="true"
					/>
					<Property
						Name="ShowRowSelector"
						Value="true"
					/>
					<Property
						Name="SortableHeader"
						Value="true"
					/>
					<Property
						Name="TabCaption"
						Value=""
					/>
					<Property
						Name="TabGenerated"
						Value="true"
					/>
					<Property
						Name="TabImageHeight"
						Value=""
					/>
					<Property
						Name="TabImageOff"
						Value=""
					/>
					<Property
						Name="TabImageOn"
						Value=""
					/>
					<Property
						Name="TabImageWidth"
						Value=""
					/>
					<Property
						Name="UsePopupPicks"
						Value="true"
					/>
				</ArchetypeExtendedProperties>
			</RecordSource>
		</RecordSource>
		<RecordSource
			RSID="4"
			Prefix="T4"
			BusinessObject="Reservation"
			Relationship="Member(Member)-Reservation(Reservation)"
			RelnIsFromParent="True"
			DoesSourceAffectMe="False"
			DoIAffectSource="True"
			IsAddedAfterGen="False"
			RsAttributesDefault="True"
			ClassName="versata.pdx.html.DataSourcePDX"
			RecordSourceArchetype="Grid"
			MaxGridRowCount="10"
			FetchedBlockRowCount="16"
			AllowDelete="False"
			AllowInsert="False"
			AllowUpdate="False"
			SaveMode="Buffered"
			PreFetchRowCount="False"
			ParentAlias=""
			ChildAlias=""
			>
			<ParameterizedWhereClause><![CDATA[ [FKMember] = [?PKMember]]]></ParameterizedWhereClause>
			<AdditionalWhereClause><![CDATA[ ]]></AdditionalWhereClause>
			<OrderByClause><![CDATA[ ]]></OrderByClause>
			<RSAttributesMeta>
				<DefaultAttributes>
					<RSDefaultAttribute ID="1" Name="PKReservation" />
					<RSDefaultAttribute ID="2" Name="FKMember" />
					<RSDefaultAttribute ID="3" Name="FKCopy" />
					<RSDefaultAttribute ID="4" Name="StartDate" />
					<RSDefaultAttribute ID="5" Name="EndDate" />
					<RSDefaultAttribute ID="6" Name="ReservationState" />
				</DefaultAttributes>
				<GridAttributes>
					<RSAttribute Name="PKReservation" Displayed="True" UnPlaced="False" />
					<RSAttribute Name="FKMember" Displayed="True" UnPlaced="False" />
					<RSAttribute Name="FKCopy" Displayed="True" UnPlaced="False" />
					<RSAttribute Name="StartDate" Displayed="True" UnPlaced="False" />
					<RSAttribute Name="EndDate" Displayed="True" UnPlaced="False" />
					<RSAttribute Name="ReservationState" Displayed="True" UnPlaced="False" />
				</GridAttributes>
			</RSAttributesMeta>
			<ArchetypeExtendedProperties>
				<Property
					Name="AltRowColor"
					Value="#EFEFEF"
				/>
				<Property
					Name="Caption"
					Value=""
				/>
				<Property
					Name="Comments"
					Value=""
				/>
				<Property
					Name="CommentsTrailing"
					Value="&lt;br&gt;"
				/>
				<Property
					Name="Cond0HideRecSrc"
					Value=""
				/>
				<Property
					Name="Cond1"
					Value=""
				/>
				<Property
					Name="Cond1Actions"
					Value=""
				/>
				<Property
					Name="Cond2"
					Value=""
				/>
				<Property
					Name="Cond2Actions"
					Value=""
				/>
				<Property
					Name="Cond3"
					Value=""
				/>
				<Property
					Name="Cond3Actions"
					Value=""
				/>
				<Property
					Name="Cond4"
					Value=""
				/>
				<Property
					Name="Cond4Actions"
					Value=""
				/>
				<Property
					Name="Cond5"
					Value=""
				/>
				<Property
					Name="Cond5Actions"
					Value=""
				/>
				<Property
					Name="ConfirmDeleteMsg"
					Value="Delete record?"
				/>
				<Property
					Name="NoDataMessage"
					Value="&lt;br&gt;&lt;center&gt;&lt;b&gt;No records found!&lt;/b&gt;&lt;/center&gt;&lt;br&gt;"
				/>
				<Property
					Name="ShowHeader"
					Value="true"
				/>
				<Property
					Name="ShowRowCount"
					Value="true"
				/>
				<Property
					Name="ShowRowSelector"
					Value="true"
				/>
				<Property
					Name="SortableHeader"
					Value="true"
				/>
				<Property
					Name="TabCaption"
					Value=""
				/>
				<Property
					Name="TabGenerated"
					Value="true"
				/>
				<Property
					Name="TabImageHeight"
					Value=""
				/>
				<Property
					Name="TabImageOff"
					Value=""
				/>
				<Property
					Name="TabImageOn"
					Value=""
				/>
				<Property
					Name="TabImageWidth"
					Value=""
				/>
				<Property
					Name="UsePopupPicks"
					Value="true"
				/>
			</ArchetypeExtendedProperties>
			<Transition
				FormTransNum="1"
				Prefix="T6"
				TargetFormName="pReservation"
				IsTargetInitialQueryMode="False"
				IsTargetInitialAddMode="False"
				IsVisibleAppline="True"
				IsAddedAfterGen="False"
				ClassName="PageNavigation"
				TargetFramesetPage=""
				TargetFrame=""
				FrameNameInFramesetPage=""
				>
			</Transition>
		</RecordSource>
		<RecordSource
			RSID="5"
			Prefix="T7"
			BusinessObject="BorrowEvent"
			Relationship="Member(Member)-BorrowEvent(BorrowEvent)"
			RelnIsFromParent="True"
			DoesSourceAffectMe="False"
			DoIAffectSource="False"
			IsAddedAfterGen="False"
			RsAttributesDefault="True"
			ClassName="versata.pdx.html.DataSourcePDX"
			RecordSourceArchetype="Grid"
			MaxGridRowCount="10"
			FetchedBlockRowCount="16"
			AllowDelete="False"
			AllowInsert="False"
			AllowUpdate="False"
			SaveMode="Buffered"
			PreFetchRowCount="False"
			ParentAlias=""
			ChildAlias=""
			>
			<ParameterizedWhereClause><![CDATA[ [FKMember] = [?PKMember]]]></ParameterizedWhereClause>
			<AdditionalWhereClause><![CDATA[ ]]></AdditionalWhereClause>
			<OrderByClause><![CDATA[ ]]></OrderByClause>
			<RSAttributesMeta>
				<DefaultAttributes>
					<RSDefaultAttribute ID="1" Name="PKBorrowEvent" />
					<RSDefaultAttribute ID="2" Name="FKLoan" />
					<RSDefaultAttribute ID="3" Name="FKMember" />
					<RSDefaultAttribute ID="4" Name="FKCopy" />
					<RSDefaultAttribute ID="5" Name="TimeStamp" />
				</DefaultAttributes>
				<GridAttributes>
					<RSAttribute Name="PKBorrowEvent" Displayed="True" UnPlaced="False" />
					<RSAttribute Name="FKLoan" Displayed="True" UnPlaced="False" />
					<RSAttribute Name="FKMember" Displayed="True" UnPlaced="False" />
					<RSAttribute Name="FKCopy" Displayed="True" UnPlaced="False" />
					<RSAttribute Name="TimeStamp" Displayed="True" UnPlaced="False" />
				</GridAttributes>
			</RSAttributesMeta>
			<ArchetypeExtendedProperties>
				<Property
					Name="AltRowColor"
					Value="#EFEFEF"
				/>
				<Property
					Name="Caption"
					Value=""
				/>
				<Property
					Name="Comments"
					Value=""
				/>
				<Property
					Name="CommentsTrailing"
					Value="&lt;br&gt;"
				/>
				<Property
					Name="Cond0HideRecSrc"
					Value=""
				/>
				<Property
					Name="Cond1"
					Value=""
				/>
				<Property
					Name="Cond1Actions"
					Value=""
				/>
				<Property
					Name="Cond2"
					Value=""
				/>
				<Property
					Name="Cond2Actions"
					Value=""
				/>
				<Property
					Name="Cond3"
					Value=""
				/>
				<Property
					Name="Cond3Actions"
					Value=""
				/>
				<Property
					Name="Cond4"
					Value=""
				/>
				<Property
					Name="Cond4Actions"
					Value=""
				/>
				<Property
					Name="Cond5"
					Value=""
				/>
				<Property
					Name="Cond5Actions"
					Value=""
				/>
				<Property
					Name="ConfirmDeleteMsg"
					Value="Delete record?"
				/>
				<Property
					Name="NoDataMessage"
					Value="&lt;br&gt;&lt;center&gt;&lt;b&gt;No records found!&lt;/b&gt;&lt;/center&gt;&lt;br&gt;"
				/>
				<Property
					Name="ShowHeader"
					Value="true"
				/>
				<Property
					Name="ShowRowCount"
					Value="true"
				/>
				<Property
					Name="ShowRowSelector"
					Value="true"
				/>
				<Property
					Name="SortableHeader"
					Value="true"
				/>
				<Property
					Name="TabCaption"
					Value=""
				/>
				<Property
					Name="TabGenerated"
					Value="true"
				/>
				<Property
					Name="TabImageHeight"
					Value=""
				/>
				<Property
					Name="TabImageOff"
					Value=""
				/>
				<Property
					Name="TabImageOn"
					Value=""
				/>
				<Property
					Name="TabImageWidth"
					Value=""
				/>
				<Property
					Name="UsePopupPicks"
					Value="true"
				/>
			</ArchetypeExtendedProperties>
			<Transition
				FormTransNum="1"
				Prefix="T8"
				TargetFormName="pBorrowEvent"
				IsTargetInitialQueryMode="False"
				IsTargetInitialAddMode="False"
				IsVisibleAppline="True"
				IsAddedAfterGen="False"
				ClassName="PageNavigation"
				TargetFramesetPage=""
				TargetFrame=""
				FrameNameInFramesetPage=""
				>
			</Transition>
		</RecordSource>
		<RecordSource
			RSID="7"
			Prefix="T10"
			BusinessObject="EnterEvent"
			Relationship="Member(Member)-EnterEvent(EnterEvent)"
			RelnIsFromParent="True"
			DoesSourceAffectMe="False"
			DoIAffectSource="False"
			IsAddedAfterGen="False"
			RsAttributesDefault="True"
			ClassName="versata.pdx.html.DataSourcePDX"
			RecordSourceArchetype="Grid"
			MaxGridRowCount="10"
			FetchedBlockRowCount="16"
			AllowDelete="False"
			AllowInsert="False"
			AllowUpdate="False"
			SaveMode="Buffered"
			PreFetchRowCount="False"
			ParentAlias=""
			ChildAlias=""
			>
			<ParameterizedWhereClause><![CDATA[ [FKMember] = [?PKMember]]]></ParameterizedWhereClause>
			<AdditionalWhereClause><![CDATA[ ]]></AdditionalWhereClause>
			<OrderByClause><![CDATA[ ]]></OrderByClause>
			<RSAttributesMeta>
				<DefaultAttributes>
					<RSDefaultAttribute ID="1" Name="PKEnterEvent" />
					<RSDefaultAttribute ID="2" Name="FKMember" />
					<RSDefaultAttribute ID="3" Name="LastName" />
					<RSDefaultAttribute ID="4" Name="FirstName" />
					<RSDefaultAttribute ID="5" Name="City" />
					<RSDefaultAttribute ID="6" Name="Address" />
					<RSDefaultAttribute ID="7" Name="Country" />
					<RSDefaultAttribute ID="8" Name="MobileNumber" />
					<RSDefaultAttribute ID="9" Name="TimeStamp" />
					<RSDefaultAttribute ID="10" Name="FKLibrary" />
				</DefaultAttributes>
				<GridAttributes>
					<RSAttribute Name="PKEnterEvent" Displayed="True" UnPlaced="False" />
					<RSAttribute Name="FKMember" Displayed="True" UnPlaced="False" />
					<RSAttribute Name="LastName" Displayed="True" UnPlaced="False" />
					<RSAttribute Name="FirstName" Displayed="True" UnPlaced="False" />
					<RSAttribute Name="City" Displayed="True" UnPlaced="False" />
					<RSAttribute Name="Address" Displayed="True" UnPlaced="False" />
					<RSAttribute Name="Country" Displayed="True" UnPlaced="False" />
					<RSAttribute Name="MobileNumber" Displayed="True" UnPlaced="False" />
					<RSAttribute Name="TimeStamp" Displayed="True" UnPlaced="False" />
					<RSAttribute Name="FKLibrary" Displayed="True" UnPlaced="True" />
				</GridAttributes>
			</RSAttributesMeta>
			<ArchetypeExtendedProperties>
				<Property
					Name="AltRowColor"
					Value="#EFEFEF"
				/>
				<Property
					Name="Caption"
					Value=""
				/>
				<Property
					Name="Comments"
					Value=""
				/>
				<Property
					Name="CommentsTrailing"
					Value="&lt;br&gt;"
				/>
				<Property
					Name="Cond0HideRecSrc"
					Value=""
				/>
				<Property
					Name="Cond1"
					Value=""
				/>
				<Property
					Name="Cond1Actions"
					Value=""
				/>
				<Property
					Name="Cond2"
					Value=""
				/>
				<Property
					Name="Cond2Actions"
					Value=""
				/>
				<Property
					Name="Cond3"
					Value=""
				/>
				<Property
					Name="Cond3Actions"
					Value=""
				/>
				<Property
					Name="Cond4"
					Value=""
				/>
				<Property
					Name="Cond4Actions"
					Value=""
				/>
				<Property
					Name="Cond5"
					Value=""
				/>
				<Property
					Name="Cond5Actions"
					Value=""
				/>
				<Property
					Name="ConfirmDeleteMsg"
					Value="Delete record?"
				/>
				<Property
					Name="NoDataMessage"
					Value="&lt;br&gt;&lt;center&gt;&lt;b&gt;No records found!&lt;/b&gt;&lt;/center&gt;&lt;br&gt;"
				/>
				<Property
					Name="ShowHeader"
					Value="true"
				/>
				<Property
					Name="ShowRowCount"
					Value="true"
				/>
				<Property
					Name="ShowRowSelector"
					Value="true"
				/>
				<Property
					Name="SortableHeader"
					Value="true"
				/>
				<Property
					Name="TabCaption"
					Value=""
				/>
				<Property
					Name="TabGenerated"
					Value="true"
				/>
				<Property
					Name="TabImageHeight"
					Value=""
				/>
				<Property
					Name="TabImageOff"
					Value=""
				/>
				<Property
					Name="TabImageOn"
					Value=""
				/>
				<Property
					Name="TabImageWidth"
					Value=""
				/>
				<Property
					Name="UsePopupPicks"
					Value="true"
				/>
			</ArchetypeExtendedProperties>
			<Transition
				FormTransNum="1"
				Prefix="T11"
				TargetFormName="pEnterEvent"
				IsTargetInitialQueryMode="False"
				IsTargetInitialAddMode="False"
				IsVisibleAppline="True"
				IsAddedAfterGen="False"
				ClassName="PageNavigation"
				TargetFramesetPage=""
				TargetFrame=""
				FrameNameInFramesetPage=""
				>
			</Transition>
		</RecordSource>
		<RecordSource
			RSID="8"
			Prefix="T12"
			BusinessObject="LeaveEvent"
			Relationship="Member(Member)-LeaveEvent(LeaveEvent)"
			RelnIsFromParent="True"
			DoesSourceAffectMe="False"
			DoIAffectSource="False"
			IsAddedAfterGen="False"
			RsAttributesDefault="True"
			ClassName="versata.pdx.html.DataSourcePDX"
			RecordSourceArchetype="Grid"
			MaxGridRowCount="10"
			FetchedBlockRowCount="16"
			AllowDelete="False"
			AllowInsert="False"
			AllowUpdate="False"
			SaveMode="Buffered"
			PreFetchRowCount="False"
			ParentAlias=""
			ChildAlias=""
			>
			<ParameterizedWhereClause><![CDATA[ [FKMember] = [?PKMember]]]></ParameterizedWhereClause>
			<AdditionalWhereClause><![CDATA[ ]]></AdditionalWhereClause>
			<OrderByClause><![CDATA[ ]]></OrderByClause>
			<RSAttributesMeta>
				<DefaultAttributes>
					<RSDefaultAttribute ID="1" Name="PKLeaveEvent" />
					<RSDefaultAttribute ID="2" Name="FKMember" />
					<RSDefaultAttribute ID="3" Name="TimeStamp" />
				</DefaultAttributes>
				<GridAttributes>
					<RSAttribute Name="PKLeaveEvent" Displayed="True" UnPlaced="False" />
					<RSAttribute Name="FKMember" Displayed="True" UnPlaced="False" />
					<RSAttribute Name="TimeStamp" Displayed="True" UnPlaced="False" />
				</GridAttributes>
			</RSAttributesMeta>
			<ArchetypeExtendedProperties>
				<Property
					Name="AltRowColor"
					Value="#EFEFEF"
				/>
				<Property
					Name="Caption"
					Value=""
				/>
				<Property
					Name="Comments"
					Value=""
				/>
				<Property
					Name="CommentsTrailing"
					Value="&lt;br&gt;"
				/>
				<Property
					Name="Cond0HideRecSrc"
					Value=""
				/>
				<Property
					Name="Cond1"
					Value=""
				/>
				<Property
					Name="Cond1Actions"
					Value=""
				/>
				<Property
					Name="Cond2"
					Value=""
				/>
				<Property
					Name="Cond2Actions"
					Value=""
				/>
				<Property
					Name="Cond3"
					Value=""
				/>
				<Property
					Name="Cond3Actions"
					Value=""
				/>
				<Property
					Name="Cond4"
					Value=""
				/>
				<Property
					Name="Cond4Actions"
					Value=""
				/>
				<Property
					Name="Cond5"
					Value=""
				/>
				<Property
					Name="Cond5Actions"
					Value=""
				/>
				<Property
					Name="ConfirmDeleteMsg"
					Value="Delete record?"
				/>
				<Property
					Name="NoDataMessage"
					Value="&lt;br&gt;&lt;center&gt;&lt;b&gt;No records found!&lt;/b&gt;&lt;/center&gt;&lt;br&gt;"
				/>
				<Property
					Name="ShowHeader"
					Value="true"
				/>
				<Property
					Name="ShowRowCount"
					Value="true"
				/>
				<Property
					Name="ShowRowSelector"
					Value="true"
				/>
				<Property
					Name="SortableHeader"
					Value="true"
				/>
				<Property
					Name="TabCaption"
					Value=""
				/>
				<Property
					Name="TabGenerated"
					Value="true"
				/>
				<Property
					Name="TabImageHeight"
					Value=""
				/>
				<Property
					Name="TabImageOff"
					Value=""
				/>
				<Property
					Name="TabImageOn"
					Value=""
				/>
				<Property
					Name="TabImageWidth"
					Value=""
				/>
				<Property
					Name="UsePopupPicks"
					Value="true"
				/>
			</ArchetypeExtendedProperties>
			<Transition
				FormTransNum="1"
				Prefix="T13"
				TargetFormName="pLeaveEvent"
				IsTargetInitialQueryMode="False"
				IsTargetInitialAddMode="False"
				IsVisibleAppline="True"
				IsAddedAfterGen="False"
				ClassName="PageNavigation"
				TargetFramesetPage=""
				TargetFrame=""
				FrameNameInFramesetPage=""
				>
			</Transition>
		</RecordSource>
	</RecordSource>
</Form>
