<?xml version="1.0"?>
<!DOCTYPE Relationships SYSTEM "Relation.dtd">
<Relationships
	DTDVersion="05.06.00"
	>
	<Relationship
		ParentRoleName="Loan"
		ChildRoleName="RenewEvent"
		IsEnforce="True"
		>
		<AttributePairs>
			<AttributePair
				ParentAttribute="PKLoan"
				ChildAttribute="FKLoan"
			/>
		</AttributePairs>
		<AscendCaption><![CDATA[Loan]]></AscendCaption>
		<DescendCaption><![CDATA[RenewEvent(s)]]></DescendCaption>
		<ErrPreventUpdateParent><![CDATA[]]></ErrPreventUpdateParent>
		<ErrPreventDeleteParent><![CDATA[]]></ErrPreventDeleteParent>
		<ErrPreventInsertOrUpdateChild><![CDATA[]]></ErrPreventInsertOrUpdateChild>
	</Relationship>
</Relationships>