<?xml version="1.0"?>
<!DOCTYPE Relationships SYSTEM "Relation.dtd">
<Relationships
	DTDVersion="05.06.00"
	>
	<Relationship
		ParentRoleName="Loan"
		ChildRoleName="FetchEvent"
		IsEnforce="True"
		>
		<AttributePairs>
			<AttributePair
				ParentAttribute="PKLoan"
				ChildAttribute="FKLoan"
			/>
		</AttributePairs>
		<AscendCaption><![CDATA[*]]></AscendCaption>
		<DescendCaption><![CDATA[*]]></DescendCaption>
		<ErrPreventUpdateParent><![CDATA[<System Supplied>]]></ErrPreventUpdateParent>
		<ErrPreventDeleteParent><![CDATA[<System Supplied>]]></ErrPreventDeleteParent>
		<ErrPreventInsertOrUpdateChild><![CDATA[<System Supplied>]]></ErrPreventInsertOrUpdateChild>
	</Relationship>
</Relationships>