<?xml version="1.0"?>
<!DOCTYPE Relationships SYSTEM "Relation.dtd">
<Relationships
	DTDVersion="05.06.00"
	>
	<Relationship
		ParentRoleName="Copy"
		ChildRoleName="ClassifyEvent"
		IsEnforce="True"
		>
		<AttributePairs>
			<AttributePair
				ParentAttribute="PKCopy"
				ChildAttribute="FKCopy"
			/>
		</AttributePairs>
		<AscendCaption><![CDATA[Copy]]></AscendCaption>
		<DescendCaption><![CDATA[ClassifyEvent(s)]]></DescendCaption>
		<ErrPreventUpdateParent><![CDATA[]]></ErrPreventUpdateParent>
		<ErrPreventDeleteParent><![CDATA[]]></ErrPreventDeleteParent>
		<ErrPreventInsertOrUpdateChild><![CDATA[]]></ErrPreventInsertOrUpdateChild>
	</Relationship>
</Relationships>