<?xml version="1.0"?>
<!DOCTYPE Relationships SYSTEM "Relation.dtd">
<Relationships
	DTDVersion="05.06.00"
	>
	<Relationship
		ParentRoleName="Library"
		ChildRoleName="CreateEvent"
		IsEnforce="True"
		>
		<AttributePairs>
			<AttributePair
				ParentAttribute="PKLibrary"
				ChildAttribute="FKLibrary"
			/>
		</AttributePairs>
		<AscendCaption><![CDATA[Library]]></AscendCaption>
		<DescendCaption><![CDATA[CreateEvent(s)]]></DescendCaption>
		<ErrPreventUpdateParent><![CDATA[<System Supplied>]]></ErrPreventUpdateParent>
		<ErrPreventDeleteParent><![CDATA[<System Supplied>]]></ErrPreventDeleteParent>
		<ErrPreventInsertOrUpdateChild><![CDATA[<System Supplied>]]></ErrPreventInsertOrUpdateChild>
	</Relationship>
</Relationships>