<?xml version="1.0"?>
<!DOCTYPE Repository SYSTEM "Repository.dtd">
<Repository
	RepositoryVersion="05.06.01"
	DTDVersion="05.06.01"
	UseQuotedIdentifiers="True"
	>
	<DataObjects>
		<DataObject>objects\Member</DataObject>
		<DataObject>objects\Loan</DataObject>
		<DataObject>objects\Copy</DataObject>
		<DataObject>objects\Reservation</DataObject>
		<DataObject>objects\Library</DataObject>
		<DataObject>events\CreateEvent</DataObject>
		<DataObject>events\EnterEvent</DataObject>
		<DataObject>events\AcquireEvent</DataObject>
		<DataObject>events\ClassifyEvent</DataObject>
		<DataObject>events\BorrowEvent</DataObject>
		<DataObject>events\RenewEvent</DataObject>
		<DataObject>events\ReturnEvent</DataObject>
		<DataObject>events\SellEvent</DataObject>
		<DataObject>events\ReserveEvent</DataObject>
		<DataObject>events\CancelEvent</DataObject>
		<DataObject>events\FetchEvent</DataObject>
		<DataObject>events\LoseEvent</DataObject>
		<DataObject>events\DestroyEvent</DataObject>
		<DataObject>events\LeaveEvent</DataObject>
	</DataObjects>
	<Relationships>
		<Relationship>REL_Member-Loan</Relationship>
		<Relationship>REL_Copy-Reservation</Relationship>
		<Relationship>REL_Member-Reservation</Relationship>
		<Relationship>REL_Library-Member</Relationship>
		<Relationship>REL_Library-Copy</Relationship>
		<Relationship>REL_Copy-Loan</Relationship>
		<Relationship>objects\REL_Copy-AcquireEvent</Relationship>
		<Relationship>objects\REL_Loan-BorrowEvent</Relationship>
		<Relationship>objects\REL_Reservation-CancelEvent</Relationship>
		<Relationship>objects\REL_Library-CreateEvent</Relationship>
		<Relationship>objects\REL_Library-DestroyEvent</Relationship>
		<Relationship>objects\REL_Member-EnterEvent</Relationship>
		<Relationship>objects\REL_Reservation-FetchEvent</Relationship>
		<Relationship>objects\REL_Member-LeaveEvent</Relationship>
		<Relationship>objects\REL_Reservation-ReserveEvent</Relationship>
		<Relationship>objects\REL_Loan-ReturnEvent</Relationship>
		<Relationship>objects\REL_Copy-SellEvent</Relationship>
		<Relationship>objects\REL_Copy-ReserveEvent</Relationship>
		<Relationship>objects\REL_Loan-LoseEvent</Relationship>
		<Relationship>objects\REL_Loan-FetchEvent</Relationship>
		<Relationship>objects\REL_Member-BorrowEvent</Relationship>
		<Relationship>objects\REL_Member-ReserveEvent</Relationship>
		<Relationship>objects\REL_Copy-ClassifyEvent</Relationship>
		<Relationship>objects\REL_Loan-RenewEvent</Relationship>
		<Relationship>events\REL_BorrowEvent-Copy</Relationship>
		<Relationship>objects\REL_Library-EnterEvent</Relationship>
		<Relationship>objects\REL_Library-AcquireEvent</Relationship>
	</Relationships>
	<HTMLApplications>
		<Application>LibraryV2</Application>
		<Application>LibraryV3</Application>
	</HTMLApplications>
	<Groups>
		<Group
			Name="objects"
		/>
		<Group
			Name="events"
		/>
	</Groups>
</Repository>